mass_bin_center,result_WR1000_N100,result_WR1000_N200,result_WR1000_N300,result_WR1000_N400,result_WR1000_N500,result_WR1000_N600,result_WR1000_N700,result_WR1000_N800,result_WR1000_N900
5.0041356492969395,0,0,0,0,0,0,0,0,0
15.012406947890819,0,0,0,0,0,0,0,0,0
25.0206782464847,0,0,0,0,0,0,0,0,0
35.028949545078575,0,0,0,0,0,0,0,0,0
45.03722084367246,0,0,0,0,0,0,0,0,0
55.04549214226634,0,0,0,0,0,0,0,0,0
65.05376344086021,0,0,0,0,0,0,0,0,0
75.06203473945409,0,0,0,0,0,0,0,0,0
85.07030603804797,0,0,0,0,0,0,0,0,0
95.07857733664186,0,0,0,0,0,0,0,0,0
105.08684863523573,0,0,0,0,0,0,0,0,0
115.09511993382961,0,0,0,0,0,0,0,0,0
125.10339123242349,1,0,0,0,0,0,0,0,0
135.11166253101737,0,0,0,0,0,0,0,0,0
145.11993382961123,0,0,0,0,0,0,0,0,0
155.12820512820514,1,0,0,0,0,0,0,0,0
165.136476426799,2,0,0,0,0,0,0,0,0
175.1447477253929,1,0,0,0,0,0,0,0,0
185.15301902398676,0,0,0,0,0,0,0,0,0
195.16129032258067,0,0,0,0,0,0,0,0,0
205.16956162117452,0,0,0,0,0,0,0,0,0
215.17783291976838,0,0,0,0,0,0,0,0,0
225.1861042183623,2,0,0,0,0,0,0,0,0
235.19437551695614,3,1,0,0,0,0,0,0,0
245.20264681555005,2,1,0,0,0,0,0,0,0
255.2109181141439,3,1,0,0,0,0,0,0,0
265.2191894127378,1,1,0,0,0,0,0,0,0
275.2274607113317,2,0,0,0,0,0,0,0,0
285.2357320099255,3,0,0,0,0,0,0,0,0
295.24400330851944,2,0,0,0,0,0,0,0,0
305.25227460711335,3,1,0,0,0,0,0,0,0
315.2605459057072,3,0,0,0,0,0,0,0,0
325.26881720430106,1,1,0,0,0,0,0,0,0
335.2770885028949,4,2,0,0,0,0,0,0,0
345.2853598014888,3,0,0,0,0,0,0,0,0
355.29363110008273,1,0,0,0,0,0,0,0,0
365.3019023986766,4,0,0,0,0,0,0,0,0
375.31017369727044,4,1,0,0,0,0,0,0,0
385.31844499586435,5,0,0,0,0,0,0,0,0
395.32671629445827,2,0,0,0,0,0,0,0,0
405.3349875930521,3,1,0,0,0,0,0,0,0
415.343258891646,4,0,0,0,0,0,0,0,0
425.3515301902398,3,1,0,0,0,0,0,0,0
435.35980148883374,1,0,1,0,0,0,0,0,0
445.36807278742765,4,0,2,0,0,0,0,0,0
455.3763440860215,2,1,1,0,0,0,0,0,0
465.38461538461536,3,0,1,1,0,0,0,0,0
475.39288668320927,2,0,0,0,0,0,0,0,0
485.4011579818031,1,0,0,0,0,0,0,0,0
495.40942928039703,3,1,0,1,0,0,0,0,0
505.4177005789909,4,2,0,0,0,0,0,0,0
515.4259718775847,2,1,0,0,0,0,0,0,0
525.4342431761786,4,1,0,0,0,0,0,0,0
535.4425144747726,5,0,0,0,0,0,0,0,0
545.4507857733664,6,3,0,0,0,0,0,0,0
555.4590570719603,4,0,1,1,0,0,0,0,0
565.4673283705541,8,4,0,1,0,0,0,0,0
575.4755996691481,1,1,0,0,0,0,0,0,0
585.483870967742,6,0,1,0,0,0,0,0,0
595.4921422663358,3,0,0,0,0,0,0,0,0
605.5004135649297,5,0,0,2,0,0,0,0,0
615.5086848635235,9,1,0,0,0,0,0,0,0
625.5169561621175,5,0,2,1,1,0,0,0,0
635.5252274607113,5,3,1,0,0,0,0,0,0
645.5334987593052,7,0,1,0,0,0,0,0,0
655.541770057899,8,1,0,1,0,0,0,0,0
665.550041356493,6,2,1,0,0,0,0,0,0
675.5583126550869,6,0,1,2,2,0,0,0,0
685.5665839536807,2,1,1,1,0,1,0,0,0
695.5748552522746,5,3,3,1,0,1,0,0,0
705.5831265508684,6,2,2,2,0,0,0,0,0
715.5913978494624,10,6,0,1,0,0,0,0,0
725.5996691480563,5,2,2,2,0,1,0,0,0
735.6079404466501,10,1,0,2,1,3,0,0,0
745.616211745244,9,1,3,2,0,1,0,0,0
755.6244830438379,5,1,0,1,2,1,0,0,0
765.6327543424318,8,3,2,2,1,1,1,0,0
775.6410256410256,11,1,1,3,1,1,2,0,0
785.6492969396195,6,0,2,1,1,1,0,0,0
795.6575682382133,10,3,3,0,3,1,1,0,0
805.6658395368073,9,3,1,0,4,1,0,0,0
815.6741108354012,14,3,4,5,1,2,1,0,0
825.682382133995,11,1,1,4,1,1,2,0,0
835.6906534325889,16,1,8,3,2,0,2,0,0
845.6989247311828,15,6,4,4,3,3,1,0,0
855.7071960297767,25,9,3,3,4,3,2,0,0
865.7154673283706,11,4,2,7,2,3,3,2,0
875.7237386269644,28,5,4,4,3,5,3,0,0
885.7320099255583,33,6,7,7,7,4,4,2,0
895.7402812241521,27,6,7,4,6,7,3,1,0
905.7485525227461,26,13,7,12,10,5,8,4,0
915.7568238213399,49,11,15,16,10,9,5,5,0
925.7650951199338,40,13,9,21,16,10,5,3,2
935.7733664185278,75,20,12,16,17,20,15,7,1
945.7816377171216,109,27,30,23,25,30,19,11,12
955.7899090157155,136,28,36,31,38,42,29,36,10
965.7981803143093,220,51,43,49,49,43,50,44,35
975.8064516129032,396,105,105,94,100,90,79,86,59
985.814722911497,766,161,183,183,171,197,190,151,137
995.822994210091,1147,349,347,336,343,356,367,351,353
1005.8312655086849,1156,287,300,282,312,312,332,343,298
1015.8395368072787,552,159,144,173,149,150,158,172,205
1025.8478081058724,329,83,67,93,96,87,79,84,93
1035.8560794044665,151,55,42,42,47,48,53,52,50
1045.8643507030602,102,24,22,18,22,20,25,38,44
1055.8726220016542,66,23,18,16,16,12,15,25,35
1065.8808933002483,53,8,9,11,17,16,22,12,26
1075.889164598842,25,7,13,20,16,15,11,12,24
1085.897435897436,23,8,10,4,4,12,18,15,18
1095.9057071960297,15,3,5,4,4,5,9,9,12
1105.9139784946237,16,5,6,4,5,3,8,11,9
1115.9222497932174,19,4,9,2,5,3,0,6,5
1125.9305210918114,6,4,2,12,5,1,1,7,9
1135.938792390405,9,1,1,2,3,7,3,4,6
1145.9470636889992,7,1,2,2,1,7,7,3,6
1155.9553349875932,8,3,1,2,3,2,1,1,3
1165.9636062861869,7,0,2,2,3,1,3,5,3
1175.971877584781,4,3,0,0,4,2,0,2,8
1185.9801488833746,4,1,3,2,1,2,2,5,5
1195.9884201819686,4,0,4,0,1,2,2,2,9
1205.9966914805623,5,1,2,1,1,1,4,1,8
1216.0049627791564,3,1,1,1,2,0,0,3,4
1226.01323407775,3,0,1,2,1,1,1,3,3
1236.021505376344,1,1,1,1,1,0,1,1,5
1246.0297766749381,2,0,0,2,1,1,1,2,2
1256.0380479735318,4,0,2,0,2,2,2,1,5
1266.0463192721259,1,0,1,3,0,0,1,1,0
1276.0545905707195,1,0,1,0,0,0,0,1,1
1286.0628618693136,3,1,0,2,1,1,0,1,5
1296.0711331679072,0,0,0,0,0,1,1,0,2
1306.0794044665013,2,2,1,2,1,0,0,1,6
1316.087675765095,1,1,1,0,0,0,1,1,2
1326.095947063689,0,1,0,0,0,0,1,1,5
1336.104218362283,0,0,0,0,1,0,0,0,2
1346.1124896608767,0,0,0,1,0,0,1,2,4
1356.1207609594708,1,1,1,0,0,0,0,2,0
1366.1290322580644,0,0,0,0,0,1,0,0,1
1376.1373035566585,4,0,0,0,0,0,0,1,2
1386.145574855252,0,0,0,0,1,1,0,0,1
1396.1538461538462,0,0,0,1,0,0,0,0,1
1406.1621174524398,0,0,0,0,0,0,0,1,1
1416.170388751034,1,0,0,1,1,0,1,1,3
1426.178660049628,1,0,0,0,0,0,0,1,1
1436.1869313482216,0,1,0,0,0,0,0,0,2
1446.1952026468157,0,0,1,0,0,1,0,0,0
1456.2034739454093,0,1,0,0,0,0,0,1,0
1466.2117452440034,0,0,0,0,1,0,0,1,0
1476.220016542597,0,0,0,0,0,0,1,0,0
1486.228287841191,1,0,0,0,0,0,0,0,0
1496.2365591397847,0,0,0,0,0,0,0,0,2
1506.2448304383788,1,0,0,0,0,0,0,1,0
1516.253101736973,0,0,0,0,0,0,0,0,2
1526.2613730355665,0,0,0,0,0,0,0,0,1
1536.2696443341606,0,0,0,0,0,1,0,1,0
1546.2779156327542,1,0,0,0,0,0,0,1,1
1556.2861869313483,0,1,0,0,0,0,0,0,0
1566.294458229942,2,0,0,1,0,0,0,0,1
1576.302729528536,0,0,0,0,0,0,0,0,0
1586.3110008271296,1,0,0,0,0,0,0,0,0
1596.3192721257237,0,0,0,0,0,0,0,0,0
1606.3275434243178,0,0,0,0,0,0,0,0,0
1616.3358147229114,0,0,0,0,0,0,0,1,0
1626.3440860215055,0,0,0,0,0,0,0,0,0
1636.3523573200991,1,0,0,0,0,0,0,1,2
1646.3606286186932,0,0,0,0,0,1,0,0,0
1656.3688999172869,0,0,0,1,0,0,0,0,0
1666.377171215881,0,0,0,1,0,0,0,0,0
1676.3854425144746,0,0,0,0,0,0,0,0,1
1686.3937138130686,0,0,0,0,0,0,0,0,0
1696.4019851116625,1,0,0,0,0,0,0,0,0
1706.4102564102564,0,0,0,0,0,0,0,0,0
1716.4185277088504,1,0,0,0,0,0,0,0,0
1726.426799007444,0,0,0,0,1,0,0,0,1
1736.4350703060381,0,0,0,0,0,0,0,0,0
1746.4433416046318,0,0,0,0,0,0,0,0,0
1756.4516129032259,0,0,0,0,0,0,0,0,0
1766.4598842018195,0,0,0,0,0,0,0,0,0
1776.4681555004136,1,0,0,0,0,0,0,0,0
1786.4764267990074,0,0,0,0,0,0,0,0,0
1796.4846980976013,0,0,0,0,0,0,0,0,0
1806.4929693961953,0,0,0,0,0,0,0,0,0
1816.501240694789,0,0,0,0,0,0,0,0,0
1826.509511993383,1,0,0,0,0,0,0,0,0
1836.5177832919767,0,0,0,0,0,0,0,0,1
1846.5260545905708,0,0,0,0,0,0,0,0,0
1856.5343258891644,0,0,0,0,0,1,0,0,0
1866.5425971877585,0,0,0,0,0,0,0,0,0
1876.5508684863523,0,0,0,0,0,0,0,1,0
1886.5591397849462,0,0,0,0,0,0,0,0,0
1896.5674110835403,0,0,0,0,0,0,0,0,0
1906.575682382134,0,0,0,0,0,0,0,0,0
1916.583953680728,0,0,0,0,0,0,0,0,1
1926.5922249793216,0,0,0,0,0,0,0,0,0
1936.6004962779157,0,0,0,0,0,0,0,0,0
1946.6087675765093,1,0,0,0,0,0,0,0,0
1956.6170388751034,0,0,0,0,0,0,0,0,0
1966.6253101736972,0,0,0,0,0,0,0,0,0
1976.633581472291,0,0,0,0,0,0,0,0,0
1986.6418527708852,0,0,0,0,0,0,0,0,0
1996.6501240694788,0,0,0,0,0,0,0,0,0
2006.658395368073,0,0,0,0,0,0,0,0,0
2016.6666666666665,0,0,0,0,0,0,0,0,0
2026.6749379652606,1,0,0,0,0,0,0,1,0
2036.6832092638542,0,0,0,0,0,0,0,0,0
2046.6914805624483,0,0,0,0,0,0,0,0,0
2056.6997518610424,0,0,0,0,0,0,0,0,0
2066.708023159636,0,0,0,0,0,0,0,0,0
2076.7162944582296,0,0,0,0,0,0,0,0,0
2086.7245657568237,0,0,0,0,0,0,0,0,0
2096.732837055418,0,0,0,0,0,0,0,0,0
2106.7411083540114,0,0,0,0,0,0,0,0,0
2116.7493796526055,0,0,0,0,0,0,0,0,1
2126.757650951199,0,0,0,0,0,0,0,0,0
2136.765922249793,0,0,0,0,0,0,0,0,1
2146.7741935483873,0,0,0,0,0,0,0,0,0
2156.782464846981,0,0,0,0,0,0,0,0,0
2166.7907361455746,0,0,0,0,0,0,0,0,0
2176.7990074441686,0,0,0,0,0,0,0,0,0
2186.8072787427627,0,0,0,0,0,0,0,0,0
2196.8155500413563,0,0,0,0,0,0,0,0,0
2206.8238213399504,0,0,0,0,0,0,0,0,0
2216.832092638544,0,0,0,0,0,0,0,0,0
2226.840363937138,0,0,0,0,0,0,0,0,0
2236.848635235732,0,0,0,0,0,0,0,0,0
2246.856906534326,0,0,0,0,0,0,0,0,0
2256.8651778329195,0,0,0,0,0,0,0,0,0
2266.8734491315136,0,0,0,0,0,0,0,0,0
2276.8817204301076,0,0,0,0,0,0,0,0,0
2286.8899917287013,0,0,0,0,0,0,0,0,0
2296.8982630272953,0,0,0,0,0,0,0,0,0
2306.906534325889,0,0,0,0,0,0,0,0,0
2316.914805624483,0,0,0,0,0,0,0,0,0
2326.923076923077,0,0,0,0,0,0,0,0,0
2336.9313482216708,0,0,0,0,0,0,0,0,0
2346.9396195202644,0,0,0,0,0,0,0,0,0
2356.9478908188585,0,0,0,0,0,0,0,0,0
2366.9561621174525,0,0,0,0,0,0,0,0,0
2376.964433416046,0,0,0,0,0,0,0,0,0
2386.9727047146403,0,0,0,0,0,0,0,0,0
2396.980976013234,0,0,0,0,0,0,0,0,0
2406.989247311828,0,0,0,0,0,0,0,0,0
2416.997518610422,0,0,0,0,0,0,0,0,0
2427.0057899090157,0,0,0,0,0,0,0,0,0
2437.0140612076093,0,0,0,0,0,0,0,0,0
2447.0223325062034,0,0,0,0,0,0,0,0,0
2457.0306038047975,0,0,0,0,0,0,0,0,0
2467.038875103391,0,0,0,0,0,0,0,0,0
2477.047146401985,0,0,0,0,0,0,0,0,0
2487.055417700579,0,0,0,0,0,0,0,0,0
2497.063688999173,0,0,0,0,0,0,0,0,0
2507.071960297767,0,0,0,0,0,0,0,0,0
2517.0802315963606,0,0,0,0,0,0,0,0,0
2527.088502894954,0,0,0,0,0,0,0,0,0
2537.0967741935483,0,0,0,0,0,0,0,0,0
2547.1050454921424,0,0,0,0,0,0,0,0,0
2557.113316790736,0,0,0,0,0,0,0,0,0
2567.12158808933,0,0,0,0,0,0,0,0,0
2577.1298593879237,0,0,0,0,0,0,0,0,0
2587.138130686518,0,0,0,0,0,0,0,0,0
2597.146401985112,0,0,0,0,0,0,0,0,0
2607.1546732837055,0,0,0,0,0,0,0,0,0
2617.162944582299,0,0,0,0,0,0,0,0,0
2627.171215880893,0,0,0,0,0,0,0,0,0
2637.1794871794873,0,0,0,0,0,0,0,0,0
2647.187758478081,0,0,0,0,0,0,0,0,0
2657.196029776675,0,0,0,0,0,0,0,0,0
2667.2043010752686,0,0,0,0,0,0,0,0,0
2677.2125723738627,0,0,0,0,0,0,0,0,0
2687.220843672457,0,0,0,0,0,0,0,0,1
2697.2291149710504,0,0,0,0,0,0,0,0,0
2707.237386269644,0,0,0,0,0,0,0,0,0
2717.245657568238,0,0,0,0,0,0,0,0,0
2727.253928866832,0,0,0,0,0,0,0,0,0
2737.262200165426,0,0,0,0,0,0,0,0,0
2747.27047146402,0,0,0,0,0,0,0,0,0
2757.2787427626135,0,0,0,0,0,0,0,0,0
2767.2870140612076,0,0,0,0,0,0,0,0,0
2777.2952853598017,0,0,0,0,0,0,0,0,0
2787.3035566583953,0,0,0,0,0,0,0,0,0
2797.311827956989,0,0,0,0,0,0,0,0,0
2807.320099255583,0,0,0,0,0,0,0,0,0
2817.328370554177,0,0,0,0,0,0,0,0,0
2827.3366418527708,0,0,0,0,0,0,0,0,0
2837.344913151365,0,0,0,0,0,0,0,0,0
2847.3531844499585,0,0,0,0,0,0,0,0,0
2857.3614557485525,0,0,0,0,0,0,0,0,0
2867.3697270471466,0,0,0,0,0,0,0,0,0
2877.3779983457403,0,0,0,0,0,0,0,0,0
2887.386269644334,0,0,0,0,0,0,0,0,0
2897.394540942928,0,0,0,0,0,0,0,0,0
2907.402812241522,0,0,0,0,0,0,0,0,0
2917.4110835401157,0,0,0,0,0,0,0,0,0
2927.4193548387098,0,0,0,0,0,0,0,0,0
2937.4276261373034,0,0,0,0,0,0,0,0,0
2947.4358974358975,0,0,0,0,0,0,0,0,0
2957.4441687344915,0,0,0,0,0,0,0,0,0
2967.452440033085,0,0,0,0,0,0,0,0,0
2977.460711331679,0,0,0,0,0,0,0,0,0
2987.468982630273,0,0,0,0,0,0,0,0,0
2997.477253928867,0,0,0,0,0,0,0,0,0
3007.4855252274606,0,0,0,0,0,0,0,0,0
3017.4937965260547,0,0,0,0,0,0,0,0,0
3027.5020678246483,0,0,0,0,0,0,0,0,0
3037.5103391232424,0,0,0,0,0,0,0,0,0
3047.5186104218365,0,0,0,0,0,0,0,0,0
3057.52688172043,0,0,0,0,0,0,0,0,0
3067.5351530190237,0,0,0,0,0,0,0,0,0
3077.543424317618,0,0,0,0,0,0,0,0,0
3087.551695616212,0,0,0,0,0,0,0,0,0
3097.5599669148055,0,0,0,0,0,0,0,0,0
3107.5682382133996,0,0,0,0,0,0,0,0,0
3117.576509511993,0,0,0,0,0,0,0,0,0
3127.5847808105873,0,0,0,0,0,0,0,0,0
3137.5930521091814,0,0,0,0,0,0,0,0,0
3147.601323407775,0,0,0,0,0,0,0,0,0
3157.6095947063686,0,0,0,0,0,0,0,0,0
3167.6178660049627,0,0,0,0,0,0,0,0,0
3177.626137303557,0,0,0,0,0,0,0,0,0
3187.6344086021504,0,0,0,0,0,0,0,0,0
3197.6426799007445,0,0,0,0,0,0,0,0,0
3207.650951199338,0,0,0,0,0,0,0,0,0
3217.659222497932,0,0,0,0,0,0,0,0,0
3227.6674937965263,0,0,0,0,0,0,0,0,0
3237.67576509512,0,0,0,0,0,0,0,0,0
3247.6840363937135,0,0,0,0,0,0,0,0,0
3257.6923076923076,0,0,0,0,0,0,0,0,0
3267.7005789909017,0,0,0,0,0,0,0,0,0
3277.7088502894953,0,0,0,0,0,0,0,0,0
3287.717121588089,0,0,0,0,0,0,0,0,0
3297.725392886683,0,0,0,0,0,0,0,0,0
3307.733664185277,0,0,0,0,0,0,0,0,0
3317.741935483871,0,0,0,0,0,0,0,0,0
3327.750206782465,0,0,0,0,0,0,0,0,0
3337.7584780810585,0,0,0,0,0,0,0,0,0
3347.7667493796525,0,0,0,0,0,0,0,0,0
3357.7750206782466,0,0,0,0,0,0,0,0,0
3367.7832919768402,0,0,0,0,0,0,0,0,0
3377.791563275434,0,0,0,0,0,0,0,0,0
3387.799834574028,0,0,0,0,0,0,0,0,0
3397.808105872622,0,0,0,0,0,0,0,0,0
3407.816377171216,0,0,0,0,0,0,0,0,0
3417.8246484698097,0,0,0,0,0,0,0,0,0
3427.8329197684034,0,0,0,0,0,0,0,0,0
3437.8411910669975,0,0,0,0,0,0,0,0,0
3447.8494623655915,0,0,0,0,0,0,0,0,0
3457.857733664185,0,0,0,0,0,0,0,0,0
3467.866004962779,0,0,0,0,0,0,0,0,0
3477.874276261373,0,0,0,0,0,0,0,0,0
3487.882547559967,0,0,0,0,0,0,0,0,0
3497.890818858561,0,0,0,0,0,0,0,0,0
3507.8990901571547,0,0,0,0,0,0,0,0,0
3517.9073614557483,0,0,0,0,0,0,0,0,0
3527.9156327543424,0,0,0,0,0,0,0,0,0
3537.9239040529365,0,0,0,0,0,0,0,0,0
3547.93217535153,0,0,0,0,0,0,0,0,0
3557.9404466501237,0,0,0,0,0,0,0,0,0
3567.948717948718,0,0,0,0,0,0,0,0,0
3577.956989247312,0,0,0,0,0,0,0,0,0
3587.965260545906,0,0,0,0,0,0,0,0,0
3597.9735318444996,0,0,0,0,0,0,0,0,0
3607.981803143093,0,0,0,0,0,0,0,0,0
3617.9900744416873,0,0,0,0,0,0,0,0,0
3627.9983457402814,0,0,0,0,0,0,0,0,0
3638.006617038875,0,0,0,0,0,0,0,0,0
3648.0148883374686,0,0,0,0,0,0,0,0,0
3658.0231596360627,0,0,0,0,0,0,0,0,0
3668.031430934657,0,0,0,0,0,0,0,0,0
3678.039702233251,0,0,0,0,0,0,0,0,0
3688.0479735318445,0,0,0,0,0,0,0,0,0
3698.056244830438,0,0,0,0,0,0,0,0,0
3708.064516129032,0,0,0,0,0,0,0,0,0
3718.0727874276263,0,0,0,0,0,0,0,0,0
3728.08105872622,0,0,0,0,0,0,0,0,0
3738.0893300248135,0,0,0,0,0,0,0,0,0
3748.0976013234076,0,0,0,0,0,0,0,0,0
3758.1058726220017,0,0,0,0,0,0,0,0,0
3768.114143920596,0,0,0,0,0,0,0,0,0
3778.1224152191894,0,0,0,0,0,0,0,0,0
3788.130686517783,0,0,0,0,0,0,0,0,0
3798.138957816377,0,0,0,0,0,0,0,0,0
3808.147229114971,0,0,0,0,0,0,0,0,0
3818.155500413565,0,0,0,0,0,0,0,0,0
3828.1637717121585,0,0,0,0,0,0,0,0,0
3838.1720430107525,0,0,0,0,0,0,0,0,0
3848.1803143093466,0,0,0,0,0,0,0,0,0
3858.1885856079407,0,0,0,0,0,0,0,0,0
3868.1968569065343,0,0,0,0,0,0,0,0,0
3878.205128205128,0,0,0,0,0,0,0,0,0
3888.213399503722,0,0,0,0,0,0,0,0,0
3898.221670802316,0,0,0,0,0,0,0,0,0
3908.2299421009097,0,0,0,0,0,0,0,0,0
3918.2382133995034,0,0,0,0,0,0,0,0,0
3928.2464846980974,0,0,0,0,0,0,0,0,0
3938.2547559966915,0,0,0,0,0,0,0,0,0
3948.2630272952856,0,0,0,0,0,0,0,0,0
3958.2712985938792,0,0,0,0,0,0,0,0,0
3968.279569892473,0,0,0,0,0,0,0,0,0
3978.287841191067,0,0,0,0,0,0,0,0,0
3988.296112489661,0,0,0,0,0,0,0,0,0
3998.3043837882547,0,0,0,0,0,0,0,0,0
4008.3126550868483,0,0,0,0,0,0,0,0,0
4018.3209263854424,0,0,0,0,0,0,0,0,0
4028.3291976840364,0,0,0,0,0,0,0,0,0
4038.3374689826305,0,0,0,0,0,0,0,0,0
4048.345740281224,0,0,0,0,0,0,0,0,0
4058.354011579818,0,0,0,0,0,0,0,0,0
4068.362282878412,0,0,0,0,0,0,0,0,0
4078.370554177006,0,0,0,0,0,0,0,0,0
4088.3788254755996,0,0,0,0,0,0,0,0,0
4098.387096774193,0,0,0,0,0,0,0,0,0
4108.395368072787,0,0,0,0,0,0,0,0,0
4118.403639371381,0,0,0,0,0,0,0,0,0
4128.4119106699745,0,0,0,0,0,0,0,0,0
4138.4201819685695,0,0,0,0,0,0,0,0,0
4148.428453267163,0,0,0,0,0,0,0,0,0
4158.436724565757,0,0,0,0,0,0,0,0,0
4168.444995864351,0,0,0,0,0,0,0,0,0
4178.453267162944,0,0,0,0,0,0,0,0,0
4188.461538461539,0,0,0,0,0,0,0,0,0
4198.469809760132,0,0,0,0,0,0,0,0,0
4208.478081058725,0,0,0,0,0,0,0,0,0
4218.48635235732,0,0,0,0,0,0,0,0,0
4228.4946236559135,0,0,0,0,0,0,0,0,0
4238.5028949545085,0,0,0,0,0,0,0,0,0
4248.511166253102,0,0,0,0,0,0,0,0,0
4258.519437551695,0,0,0,0,0,0,0,0,0
4268.52770885029,0,0,0,0,0,0,0,0,0
4278.535980148883,0,0,0,0,0,0,0,0,0
4288.544251447477,0,0,0,0,0,0,0,0,0
4298.552522746071,0,0,0,0,0,0,0,0,0
4308.560794044664,0,0,0,0,0,0,0,0,0
4318.569065343259,0,0,0,0,0,0,0,0,0
4328.5773366418525,0,0,0,0,0,0,0,0,0
4338.585607940447,0,0,0,0,0,0,0,0,0
4348.593879239041,0,0,0,0,0,0,0,0,0
4358.602150537634,0,0,0,0,0,0,0,0,0
4368.610421836229,0,0,0,0,0,0,0,0,0
4378.618693134822,0,0,0,0,0,0,0,0,0
4388.626964433415,0,0,0,0,0,0,0,0,0
4398.63523573201,0,0,0,0,0,0,0,0,0
4408.643507030603,0,0,0,0,0,0,0,0,0
4418.651778329198,0,0,0,0,0,0,0,0,0
4428.6600496277915,0,0,0,0,0,0,0,0,0
4438.668320926385,0,0,0,0,0,0,0,0,0
4448.67659222498,0,0,0,0,0,0,0,0,0
4458.684863523573,0,0,0,0,0,0,0,0,0
4468.693134822167,0,0,0,0,0,0,0,0,0
4478.701406120761,0,0,0,0,0,0,0,0,0
4488.709677419354,0,0,0,0,0,0,0,0,0
4498.717948717949,0,0,0,0,0,0,0,0,0
4508.726220016542,0,0,0,0,0,0,0,0,0
4518.734491315136,0,0,0,0,0,0,0,0,0
4528.7427626137305,0,0,0,0,0,0,0,0,0
4538.751033912324,0,0,0,0,0,0,0,0,0
4548.759305210919,0,0,0,0,0,0,0,0,0
4558.767576509512,0,0,0,0,0,0,0,0,0
4568.775847808105,0,0,0,0,0,0,0,0,0
4578.7841191067,0,0,0,0,0,0,0,0,0
4588.792390405293,0,0,0,0,0,0,0,0,0
4598.800661703888,0,0,0,0,0,0,0,0,0
4608.808933002481,0,0,0,0,0,0,0,0,0
4618.8172043010745,0,0,0,0,0,0,0,0,0
4628.8254755996695,0,0,0,0,0,0,0,0,0
4638.833746898263,0,0,0,0,0,0,0,0,0
4648.842018196857,0,0,0,0,0,0,0,0,0
4658.850289495451,0,0,0,0,0,0,0,0,0
4668.858560794044,0,0,0,0,0,0,0,0,0
4678.866832092639,0,0,0,0,0,0,0,0,0
4688.875103391232,0,0,0,0,0,0,0,0,0
4698.883374689826,0,0,0,0,0,0,0,0,0
4708.89164598842,0,0,0,0,0,0,0,0,0
4718.8999172870135,0,0,0,0,0,0,0,0,0
4728.9081885856085,0,0,0,0,0,0,0,0,0
4738.916459884202,0,0,0,0,0,0,0,0,0
4748.924731182795,0,0,0,0,0,0,0,0,0
4758.93300248139,0,0,0,0,0,0,0,0,0
4768.941273779983,0,0,0,0,0,0,0,0,0
4778.949545078578,0,0,0,0,0,0,0,0,0
4788.957816377171,0,0,0,0,0,0,0,0,0
4798.966087675764,0,0,0,0,0,0,0,0,0
4808.974358974359,0,0,0,0,0,0,0,0,0
4818.9826302729525,0,0,0,0,0,0,0,0,0
4828.990901571547,0,0,0,0,0,0,0,0,0
4838.999172870141,0,0,0,0,0,0,0,0,0
4849.007444168734,0,0,0,0,0,0,0,0,0
4859.015715467329,0,0,0,0,0,0,0,0,0
4869.023986765922,0,0,0,0,0,0,0,0,0
4879.032258064516,0,0,0,0,0,0,0,0,0
4889.04052936311,0,0,0,0,0,0,0,0,0
4899.048800661703,0,0,0,0,0,0,0,0,0
4909.057071960298,0,0,0,0,0,0,0,0,0
4919.0653432588915,0,0,0,0,0,0,0,0,0
4929.073614557485,0,0,0,0,0,0,0,0,0
4939.08188585608,0,0,0,0,0,0,0,0,0
4949.090157154673,0,0,0,0,0,0,0,0,0
4959.098428453268,0,0,0,0,0,0,0,0,0
4969.106699751861,0,0,0,0,0,0,0,0,0
4979.114971050454,0,0,0,0,0,0,0,0,0
4989.123242349049,0,0,0,0,0,0,0,0,0
4999.131513647642,0,0,0,0,0,0,0,0,0
5009.139784946236,0,0,0,0,0,0,0,0,0
5019.1480562448305,0,0,0,0,0,0,0,0,0
5029.156327543424,0,0,0,0,0,0,0,0,0
5039.164598842019,0,0,0,0,0,0,0,0,0
5049.172870140612,0,0,0,0,0,0,0,0,0
5059.181141439206,0,0,0,0,0,0,0,0,0
5069.1894127378,0,0,0,0,0,0,0,0,0
5079.197684036393,0,0,0,0,0,0,0,0,0
5089.205955334988,0,0,0,0,0,0,0,0,0
5099.214226633581,0,0,0,0,0,0,0,0,0
5109.2224979321745,0,0,0,0,0,0,0,0,0
5119.2307692307695,0,0,0,0,0,0,0,0,0
5129.239040529363,0,0,0,0,0,0,0,0,0
5139.247311827958,0,0,0,0,0,0,0,0,0
5149.255583126551,0,0,0,0,0,0,0,0,0
5159.263854425144,0,0,0,0,0,0,0,0,0
5169.272125723739,0,0,0,0,0,0,0,0,0
5179.280397022332,0,0,0,0,0,0,0,0,0
5189.288668320926,0,0,0,0,0,0,0,0,0
5199.29693961952,0,0,0,0,0,0,0,0,0
5209.3052109181135,0,0,0,0,0,0,0,0,0
5219.3134822167085,0,0,0,0,0,0,0,0,0
5229.321753515302,0,0,0,0,0,0,0,0,0
5239.330024813896,0,0,0,0,0,0,0,0,0
5249.33829611249,0,0,0,0,0,0,0,0,0
5259.346567411083,0,0,0,0,0,0,0,0,0
5269.354838709678,0,0,0,0,0,0,0,0,0
5279.363110008271,0,0,0,0,0,0,0,0,0
5289.371381306864,0,0,0,0,0,0,0,0,0
5299.379652605459,0,0,0,0,0,0,0,0,0
5309.3879239040525,0,0,0,0,0,0,0,0,0
5319.3961952026475,0,0,0,0,0,0,0,0,0
5329.404466501241,0,0,0,0,0,0,0,0,0
5339.412737799834,0,0,0,0,0,0,0,0,0
5349.421009098429,0,0,0,0,0,0,0,0,0
5359.429280397022,0,0,0,0,0,0,0,0,0
5369.437551695616,0,0,0,0,0,0,0,0,0
5379.44582299421,0,0,0,0,0,0,0,0,0
5389.454094292803,0,0,0,0,0,0,0,0,0
5399.462365591398,0,0,0,0,0,0,0,0,0
5409.4706368899915,0,0,0,0,0,0,0,0,0
5419.478908188586,0,0,0,0,0,0,0,0,0
5429.48717948718,0,0,0,0,0,0,0,0,0
5439.495450785773,0,0,0,0,0,0,0,0,0
5449.503722084368,0,0,0,0,0,0,0,0,0
5459.511993382961,0,0,0,0,0,0,0,0,0
5469.520264681554,0,0,0,0,0,0,0,0,0
5479.528535980149,0,0,0,0,0,0,0,0,0
5489.536807278742,0,0,0,0,0,0,0,0,0
5499.545078577337,0,0,0,0,0,0,0,0,0
5509.5533498759305,0,0,0,0,0,0,0,0,0
5519.561621174524,0,0,0,0,0,0,0,0,0
5529.569892473119,0,0,0,0,0,0,0,0,0
5539.578163771712,0,0,0,0,0,0,0,0,0
5549.586435070306,0,0,0,0,0,0,0,0,0
5559.5947063689,0,0,0,0,0,0,0,0,0
5569.602977667493,0,0,0,0,0,0,0,0,0
5579.611248966088,0,0,0,0,0,0,0,0,0
5589.619520264681,0,0,0,0,0,0,0,0,0
5599.627791563275,0,0,0,0,0,0,0,0,0
5609.6360628618695,0,0,0,0,0,0,0,0,0
5619.644334160463,0,0,0,0,0,0,0,0,0
5629.652605459058,0,0,0,0,0,0,0,0,0
5639.660876757651,0,0,0,0,0,0,0,0,0
5649.669148056244,0,0,0,0,0,0,0,0,0
5659.677419354839,0,0,0,0,0,0,0,0,0
5669.685690653432,0,0,0,0,0,0,0,0,0
5679.693961952027,0,0,0,0,0,0,0,0,0
5689.70223325062,0,0,0,0,0,0,0,0,0
5699.7105045492135,0,0,0,0,0,0,0,0,0
5709.7187758478085,0,0,0,0,0,0,0,0,0
5719.727047146402,0,0,0,0,0,0,0,0,0
5729.735318444996,0,0,0,0,0,0,0,0,0
5739.74358974359,0,0,0,0,0,0,0,0,0
5749.751861042183,0,0,0,0,0,0,0,0,0
5759.760132340778,0,0,0,0,0,0,0,0,0
5769.768403639371,0,0,0,0,0,0,0,0,0
5779.776674937965,0,0,0,0,0,0,0,0,0
5789.784946236559,0,0,0,0,0,0,0,0,0
5799.7932175351525,0,0,0,0,0,0,0,0,0
5809.8014888337475,0,0,0,0,0,0,0,0,0
5819.809760132341,0,0,0,0,0,0,0,0,0
5829.818031430934,0,0,0,0,0,0,0,0,0
5839.826302729529,0,0,0,0,0,0,0,0,0
5849.834574028122,0,0,0,0,0,0,0,0,0
5859.842845326717,0,0,0,0,0,0,0,0,0
5869.85111662531,0,0,0,0,0,0,0,0,0
5879.859387923903,0,0,0,0,0,0,0,0,0
5889.867659222498,0,0,0,0,0,0,0,0,0
5899.8759305210915,0,0,0,0,0,0,0,0,0
5909.884201819686,0,0,0,0,0,0,0,0,0
5919.89247311828,0,0,0,0,0,0,0,0,0
5929.900744416873,0,0,0,0,0,0,0,0,0
5939.909015715468,0,0,0,0,0,0,0,0,0
5949.917287014061,0,0,0,0,0,0,0,0,0
5959.925558312655,0,0,0,0,0,0,0,0,0
5969.933829611249,0,0,0,0,0,0,0,0,0
5979.942100909842,0,0,0,0,0,0,0,0,0
5989.950372208437,0,0,0,0,0,0,0,0,0
5999.9586435070305,0,0,0,0,0,0,0,0,0
6009.966914805624,0,0,0,0,0,0,0,0,0
6019.975186104219,0,0,0,0,0,0,0,0,0
6029.983457402812,0,0,0,0,0,0,0,0,0
6039.991728701407,0,0,0,0,0,0,0,0,0
6050.0,0,0,0,0,0,0,0,0,0
6060.008271298593,0,0,0,0,0,0,0,0,0
6070.016542597188,0,0,0,0,0,0,0,0,0
6080.024813895781,0,0,0,0,0,0,0,0,0
6090.033085194375,0,0,0,0,0,0,0,0,0
6100.0413564929695,0,0,0,0,0,0,0,0,0
6110.049627791563,0,0,0,0,0,0,0,0,0
6120.057899090158,0,0,0,0,0,0,0,0,0
6130.066170388751,0,0,0,0,0,0,0,0,0
6140.074441687345,0,0,0,0,0,0,0,0,0
6150.082712985939,0,0,0,0,0,0,0,0,0
6160.090984284532,0,0,0,0,0,0,0,0,0
6170.099255583127,0,0,0,0,0,0,0,0,0
6180.10752688172,0,0,0,0,0,0,0,0,0
6190.1157981803135,0,0,0,0,0,0,0,0,0
6200.1240694789085,0,0,0,0,0,0,0,0,0
6210.132340777502,0,0,0,0,0,0,0,0,0
6220.140612076097,0,0,0,0,0,0,0,0,0
6230.14888337469,0,0,0,0,0,0,0,0,0
6240.157154673283,0,0,0,0,0,0,0,0,0
6250.165425971878,0,0,0,0,0,0,0,0,0
6260.173697270471,0,0,0,0,0,0,0,0,0
6270.181968569065,0,0,0,0,0,0,0,0,0
6280.190239867659,0,0,0,0,0,0,0,0,0
6290.1985111662525,0,0,0,0,0,0,0,0,0
6300.2067824648475,0,0,0,0,0,0,0,0,0
6310.215053763441,0,0,0,0,0,0,0,0,0
6320.223325062035,0,0,0,0,0,0,0,0,0
6330.231596360629,0,0,0,0,0,0,0,0,0
6340.239867659222,0,0,0,0,0,0,0,0,0
6350.248138957817,0,0,0,0,0,0,0,0,0
6360.25641025641,0,0,0,0,0,0,0,0,0
6370.264681555003,0,0,0,0,0,0,0,0,0
6380.272952853598,0,0,0,0,0,0,0,0,0
6390.2812241521915,0,0,0,0,0,0,0,0,0
6400.2894954507865,0,0,0,0,0,0,0,0,0
6410.29776674938,0,0,0,0,0,0,0,0,0
6420.306038047973,0,0,0,0,0,0,0,0,0
6430.314309346568,0,0,0,0,0,0,0,0,0
6440.322580645161,0,0,0,0,0,0,0,0,0
6450.330851943755,0,0,0,0,0,0,0,0,0
6460.339123242349,0,0,0,0,0,0,0,0,0
6470.347394540942,0,0,0,0,0,0,0,0,0
6480.355665839537,0,0,0,0,0,0,0,0,0
6490.3639371381305,0,0,0,0,0,0,0,0,0
6500.372208436724,0,0,0,0,0,0,0,0,0
6510.380479735319,0,0,0,0,0,0,0,0,0
6520.388751033912,0,0,0,0,0,0,0,0,0
6530.397022332507,0,0,0,0,0,0,0,0,0
6540.4052936311,0,0,0,0,0,0,0,0,0
6550.413564929693,0,0,0,0,0,0,0,0,0
6560.421836228288,0,0,0,0,0,0,0,0,0
6570.430107526881,0,0,0,0,0,0,0,0,0
6580.438378825475,0,0,0,0,0,0,0,0,0
6590.4466501240695,0,0,0,0,0,0,0,0,0
6600.454921422663,0,0,0,0,0,0,0,0,0
6610.463192721258,0,0,0,0,0,0,0,0,0
6620.471464019851,0,0,0,0,0,0,0,0,0
6630.479735318445,0,0,0,0,0,0,0,0,0
6640.488006617039,0,0,0,0,0,0,0,0,0
6650.496277915632,0,0,0,0,0,0,0,0,0
6660.504549214227,0,0,0,0,0,0,0,0,0
6670.51282051282,0,0,0,0,0,0,0,0,0
6680.5210918114135,0,0,0,0,0,0,0,0,0
6690.5293631100085,0,0,0,0,0,0,0,0,0
6700.537634408602,0,0,0,0,0,0,0,0,0
6710.545905707197,0,0,0,0,0,0,0,0,0
6720.55417700579,0,0,0,0,0,0,0,0,0
6730.562448304383,0,0,0,0,0,0,0,0,0
6740.570719602978,0,0,0,0,0,0,0,0,0
6750.578990901571,0,0,0,0,0,0,0,0,0
6760.587262200165,0,0,0,0,0,0,0,0,0
6770.595533498759,0,0,0,0,0,0,0,0,0
6780.6038047973525,0,0,0,0,0,0,0,0,0
6790.6120760959475,0,0,0,0,0,0,0,0,0
6800.620347394541,0,0,0,0,0,0,0,0,0
6810.628618693135,0,0,0,0,0,0,0,0,0
6820.636889991729,0,0,0,0,0,0,0,0,0
6830.645161290322,0,0,0,0,0,0,0,0,0
6840.653432588917,0,0,0,0,0,0,0,0,0
6850.66170388751,0,0,0,0,0,0,0,0,0
6860.669975186103,0,0,0,0,0,0,0,0,0
6870.678246484698,0,0,0,0,0,0,0,0,0
6880.6865177832915,0,0,0,0,0,0,0,0,0
6890.6947890818865,0,0,0,0,0,0,0,0,0
6900.70306038048,0,0,0,0,0,0,0,0,0
6910.711331679073,0,0,0,0,0,0,0,0,0
6920.719602977668,0,0,0,0,0,0,0,0,0
6930.727874276261,0,0,0,0,0,0,0,0,0
6940.736145574855,0,0,0,0,0,0,0,0,0
6950.744416873449,0,0,0,0,0,0,0,0,0
6960.752688172042,0,0,0,0,0,0,0,0,0
6970.760959470637,0,0,0,0,0,0,0,0,0
6980.7692307692305,0,0,0,0,0,0,0,0,0
6990.777502067825,0,0,0,0,0,0,0,0,0
7000.785773366419,0,0,0,0,0,0,0,0,0
7010.794044665012,0,0,0,0,0,0,0,0,0
7020.802315963607,0,0,0,0,0,0,0,0,0
7030.8105872622,0,0,0,0,0,0,0,0,0
7040.818858560793,0,0,0,0,0,0,0,0,0
7050.827129859388,0,0,0,0,0,0,0,0,0
7060.835401157981,0,0,0,0,0,0,0,0,0
7070.843672456576,0,0,0,0,0,0,0,0,0
7080.8519437551695,0,0,0,0,0,0,0,0,0
7090.860215053763,0,0,0,0,0,0,0,0,0
7100.868486352358,0,0,0,0,0,0,0,0,0
7110.876757650951,0,0,0,0,0,0,0,0,0
7120.885028949545,0,0,0,0,0,0,0,0,0
7130.893300248139,0,0,0,0,0,0,0,0,0
7140.901571546732,0,0,0,0,0,0,0,0,0
7150.909842845327,0,0,0,0,0,0,0,0,0
7160.91811414392,0,0,0,0,0,0,0,0,0
7170.926385442514,0,0,0,0,0,0,0,0,0
7180.9346567411085,0,0,0,0,0,0,0,0,0
7190.942928039702,0,0,0,0,0,0,0,0,0
7200.951199338297,0,0,0,0,0,0,0,0,0
7210.95947063689,0,0,0,0,0,0,0,0,0
7220.967741935483,0,0,0,0,0,0,0,0,0
7230.976013234078,0,0,0,0,0,0,0,0,0
7240.984284532671,0,0,0,0,0,0,0,0,0
7250.992555831266,0,0,0,0,0,0,0,0,0
7261.000827129859,0,0,0,0,0,0,0,0,0
7271.0090984284525,0,0,0,0,0,0,0,0,0
7281.0173697270475,0,0,0,0,0,0,0,0,0
7291.025641025641,0,0,0,0,0,0,0,0,0
7301.033912324235,0,0,0,0,0,0,0,0,0
7311.042183622829,0,0,0,0,0,0,0,0,0
7321.050454921422,0,0,0,0,0,0,0,0,0
7331.058726220017,0,0,0,0,0,0,0,0,0
7341.06699751861,0,0,0,0,0,0,0,0,0
7351.075268817204,0,0,0,0,0,0,0,0,0
7361.083540115798,0,0,0,0,0,0,0,0,0
7371.0918114143915,0,0,0,0,0,0,0,0,0
7381.1000827129865,0,0,0,0,0,0,0,0,0
7391.10835401158,0,0,0,0,0,0,0,0,0
7401.116625310173,0,0,0,0,0,0,0,0,0
7411.124896608768,0,0,0,0,0,0,0,0,0
7421.133167907361,0,0,0,0,0,0,0,0,0
7431.141439205956,0,0,0,0,0,0,0,0,0
7441.149710504549,0,0,0,0,0,0,0,0,0
7451.157981803142,0,0,0,0,0,0,0,0,0
7461.166253101737,0,0,0,0,0,0,0,0,0
7471.1745244003305,0,0,0,0,0,0,0,0,0
7481.182795698925,0,0,0,0,0,0,0,0,0
7491.191066997519,0,0,0,0,0,0,0,0,0
7501.199338296112,0,0,0,0,0,0,0,0,0
7511.207609594707,0,0,0,0,0,0,0,0,0
7521.2158808933,0,0,0,0,0,0,0,0,0
7531.224152191894,0,0,0,0,0,0,0,0,0
7541.232423490488,0,0,0,0,0,0,0,0,0
7551.240694789081,0,0,0,0,0,0,0,0,0
7561.248966087676,0,0,0,0,0,0,0,0,0
7571.2572373862695,0,0,0,0,0,0,0,0,0
7581.265508684863,0,0,0,0,0,0,0,0,0
7591.273779983458,0,0,0,0,0,0,0,0,0
7601.282051282051,0,0,0,0,0,0,0,0,0
7611.290322580646,0,0,0,0,0,0,0,0,0
7621.298593879239,0,0,0,0,0,0,0,0,0
7631.306865177832,0,0,0,0,0,0,0,0,0
7641.315136476427,0,0,0,0,0,0,0,0,0
7651.32340777502,0,0,0,0,0,0,0,0,0
7661.331679073614,0,0,0,0,0,0,0,0,0
7671.3399503722085,0,0,0,0,0,0,0,0,0
7681.348221670802,0,0,0,0,0,0,0,0,0
7691.356492969397,0,0,0,0,0,0,0,0,0
7701.36476426799,0,0,0,0,0,0,0,0,0
7711.373035566584,0,0,0,0,0,0,0,0,0
7721.381306865178,0,0,0,0,0,0,0,0,0
7731.389578163771,0,0,0,0,0,0,0,0,0
7741.397849462366,0,0,0,0,0,0,0,0,0
7751.406120760959,0,0,0,0,0,0,0,0,0
7761.4143920595525,0,0,0,0,0,0,0,0,0
7771.4226633581475,0,0,0,0,0,0,0,0,0
7781.430934656741,0,0,0,0,0,0,0,0,0
7791.439205955336,0,0,0,0,0,0,0,0,0
7801.447477253929,0,0,0,0,0,0,0,0,0
7811.455748552522,0,0,0,0,0,0,0,0,0
7821.464019851117,0,0,0,0,0,0,0,0,0
7831.47229114971,0,0,0,0,0,0,0,0,0
7841.480562448304,0,0,0,0,0,0,0,0,0
7851.488833746898,0,0,0,0,0,0,0,0,0
7861.4971050454915,0,0,0,0,0,0,0,0,0
7871.5053763440865,0,0,0,0,0,0,0,0,0
7881.51364764268,0,0,0,0,0,0,0,0,0
7891.521918941274,0,0,0,0,0,0,0,0,0
7901.530190239868,0,0,0,0,0,0,0,0,0
7911.538461538461,0,0,0,0,0,0,0,0,0
7921.546732837056,0,0,0,0,0,0,0,0,0
7931.555004135649,0,0,0,0,0,0,0,0,0
7941.563275434242,0,0,0,0,0,0,0,0,0
7951.571546732837,0,0,0,0,0,0,0,0,0
7961.5798180314305,0,0,0,0,0,0,0,0,0
7971.5880893300255,0,0,0,0,0,0,0,0,0
7981.596360628619,0,0,0,0,0,0,0,0,0
7991.604631927212,0,0,0,0,0,0,0,0,0
8001.612903225807,0,0,0,0,0,0,0,0,0
8011.6211745244,0,0,0,0,0,0,0,0,0
8021.629445822994,0,0,0,0,0,0,0,0,0
8031.637717121588,0,0,0,0,0,0,0,0,0
8041.645988420181,0,0,0,0,0,0,0,0,0
8051.654259718776,0,0,0,0,0,0,0,0,0
8061.6625310173695,0,0,0,0,0,0,0,0,0
8071.670802315964,0,0,0,0,0,0,0,0,0
8081.679073614558,0,0,0,0,0,0,0,0,0
8091.687344913151,0,0,0,0,0,0,0,0,0
8101.695616211746,0,0,0,0,0,0,0,0,0
8111.703887510339,0,0,0,0,0,0,0,0,0
8121.712158808932,0,0,0,0,0,0,0,0,0
8131.720430107527,0,0,0,0,0,0,0,0,0
8141.72870140612,0,0,0,0,0,0,0,0,0
8151.736972704715,0,0,0,0,0,0,0,0,0
8161.7452440033085,0,0,0,0,0,0,0,0,0
8171.753515301902,0,0,0,0,0,0,0,0,0
8181.761786600497,0,0,0,0,0,0,0,0,0
8191.77005789909,0,0,0,0,0,0,0,0,0
8201.778329197685,0,0,0,0,0,0,0,0,0
8211.786600496278,0,0,0,0,0,0,0,0,0
8221.794871794871,0,0,0,0,0,0,0,0,0
8231.803143093464,0,0,0,0,0,0,0,0,0
8241.81141439206,0,0,0,0,0,0,0,0,0
8251.819685690654,0,0,0,0,0,0,0,0,0
8261.827956989247,0,0,0,0,0,0,0,0,0
8271.83622828784,0,0,0,0,0,0,0,0,0
8281.844499586434,0,0,0,0,0,0,0,0,0
8291.852770885029,0,0,0,0,0,0,0,0,0
8301.861042183624,0,0,0,0,0,0,0,0,0
8311.869313482217,0,0,0,0,0,0,0,0,0
8321.87758478081,0,0,0,0,0,0,0,0,0
8331.885856079403,0,0,0,0,0,0,0,0,0
8341.894127377998,0,0,0,0,0,0,0,0,0
8351.902398676593,0,0,0,0,0,0,0,0,0
8361.910669975186,0,0,0,0,0,0,0,0,0
8371.91894127378,0,0,0,0,0,0,0,0,0
8381.927212572373,0,0,0,0,0,0,0,0,0
8391.935483870968,0,0,0,0,0,0,0,0,0
8401.943755169561,0,0,0,0,0,0,0,0,0
8411.952026468156,0,0,0,0,0,0,0,0,0
8421.96029776675,0,0,0,0,0,0,0,0,0
8431.968569065342,0,0,0,0,0,0,0,0,0
8441.976840363937,0,0,0,0,0,0,0,0,0
8451.98511166253,0,0,0,0,0,0,0,0,0
8461.993382961125,0,0,0,0,0,0,0,0,0
8472.001654259719,0,0,0,0,0,0,0,0,0
8482.009925558312,0,0,0,0,0,0,0,0,0
8492.018196856907,0,0,0,0,0,0,0,0,0
8502.0264681555,0,0,0,0,0,0,0,0,0
8512.034739454095,0,0,0,0,0,0,0,0,0
8522.043010752688,0,0,0,0,0,0,0,0,0
8532.051282051281,0,0,0,0,0,0,0,0,0
8542.059553349876,0,0,0,0,0,0,0,0,0
8552.06782464847,0,0,0,0,0,0,0,0,0
8562.076095947064,0,0,0,0,0,0,0,0,0
8572.084367245658,0,0,0,0,0,0,0,0,0
8582.09263854425,0,0,0,0,0,0,0,0,0
8592.100909842844,0,0,0,0,0,0,0,0,0
8602.109181141439,0,0,0,0,0,0,0,0,0
8612.117452440034,0,0,0,0,0,0,0,0,0
8622.125723738627,0,0,0,0,0,0,0,0,0
8632.13399503722,0,0,0,0,0,0,0,0,0
8642.142266335813,0,0,0,0,0,0,0,0,0
8652.150537634408,0,0,0,0,0,0,0,0,0
8662.158808933003,0,0,0,0,0,0,0,0,0
8672.167080231597,0,0,0,0,0,0,0,0,0
8682.17535153019,0,0,0,0,0,0,0,0,0
8692.183622828783,0,0,0,0,0,0,0,0,0
8702.191894127378,0,0,0,0,0,0,0,0,0
8712.200165425973,0,0,0,0,0,0,0,0,0
8722.208436724566,0,0,0,0,0,0,0,0,0
8732.21670802316,0,0,0,0,0,0,0,0,0
8742.224979321752,0,0,0,0,0,0,0,0,0
8752.233250620347,0,0,0,0,0,0,0,0,0
8762.24152191894,0,0,0,0,0,0,0,0,0
8772.249793217536,0,0,0,0,0,0,0,0,0
8782.258064516129,0,0,0,0,0,0,0,0,0
8792.266335814722,0,0,0,0,0,0,0,0,0
8802.274607113317,0,0,0,0,0,0,0,0,0
8812.28287841191,0,0,0,0,0,0,0,0,0
8822.291149710505,0,0,0,0,0,0,0,0,0
8832.299421009098,0,0,0,0,0,0,0,0,0
8842.307692307691,0,0,0,0,0,0,0,0,0
8852.315963606286,0,0,0,0,0,0,0,0,0
8862.32423490488,0,0,0,0,0,0,0,0,0
8872.332506203475,0,0,0,0,0,0,0,0,0
8882.340777502068,0,0,0,0,0,0,0,0,0
8892.349048800661,0,0,0,0,0,0,0,0,0
8902.357320099256,0,0,0,0,0,0,0,0,0
8912.36559139785,0,0,0,0,0,0,0,0,0
8922.373862696444,0,0,0,0,0,0,0,0,0
8932.382133995037,0,0,0,0,0,0,0,0,0
8942.39040529363,0,0,0,0,0,0,0,0,0
8952.398676592224,0,0,0,0,0,0,0,0,0
8962.406947890819,0,0,0,0,0,0,0,0,0
8972.415219189414,0,0,0,0,0,0,0,0,0
8982.423490488007,0,0,0,0,0,0,0,0,0
8992.4317617866,0,0,0,0,0,0,0,0,0
9002.440033085193,0,0,0,0,0,0,0,0,0
9012.448304383788,0,0,0,0,0,0,0,0,0
9022.456575682383,0,0,0,0,0,0,0,0,0
9032.464846980976,0,0,0,0,0,0,0,0,0
9042.47311827957,0,0,0,0,0,0,0,0,0
9052.481389578163,0,0,0,0,0,0,0,0,0
9062.489660876758,0,0,0,0,0,0,0,0,0
9072.497932175353,0,0,0,0,0,0,0,0,0
9082.506203473946,0,0,0,0,0,0,0,0,0
9092.514474772539,0,0,0,0,0,0,0,0,0
9102.522746071132,0,0,0,0,0,0,0,0,0
9112.531017369727,0,0,0,0,0,0,0,0,0
9122.53928866832,0,0,0,0,0,0,0,0,0
9132.547559966915,0,0,0,0,0,0,0,0,0
9142.555831265508,0,0,0,0,0,0,0,0,0
9152.564102564102,0,0,0,0,0,0,0,0,0
9162.572373862697,0,0,0,0,0,0,0,0,0
9172.58064516129,0,0,0,0,0,0,0,0,0
9182.588916459885,0,0,0,0,0,0,0,0,0
9192.597187758478,0,0,0,0,0,0,0,0,0
9202.605459057071,0,0,0,0,0,0,0,0,0
9212.613730355666,0,0,0,0,0,0,0,0,0
9222.62200165426,0,0,0,0,0,0,0,0,0
9232.630272952854,0,0,0,0,0,0,0,0,0
9242.638544251447,0,0,0,0,0,0,0,0,0
9252.64681555004,0,0,0,0,0,0,0,0,0
9262.655086848636,0,0,0,0,0,0,0,0,0
9272.663358147229,0,0,0,0,0,0,0,0,0
9282.671629445824,0,0,0,0,0,0,0,0,0
9292.679900744417,0,0,0,0,0,0,0,0,0
9302.68817204301,0,0,0,0,0,0,0,0,0
9312.696443341603,0,0,0,0,0,0,0,0,0
9322.704714640198,0,0,0,0,0,0,0,0,0
9332.712985938793,0,0,0,0,0,0,0,0,0
9342.721257237386,0,0,0,0,0,0,0,0,0
9352.72952853598,0,0,0,0,0,0,0,0,0
9362.737799834573,0,0,0,0,0,0,0,0,0
9372.746071133168,0,0,0,0,0,0,0,0,0
9382.754342431763,0,0,0,0,0,0,0,0,0
9392.762613730356,0,0,0,0,0,0,0,0,0
9402.77088502895,0,0,0,0,0,0,0,0,0
9412.779156327542,0,0,0,0,0,0,0,0,0
9422.787427626137,0,0,0,0,0,0,0,0,0
9432.795698924732,0,0,0,0,0,0,0,0,0
9442.803970223325,0,0,0,0,0,0,0,0,0
9452.812241521919,0,0,0,0,0,0,0,0,0
9462.820512820512,0,0,0,0,0,0,0,0,0
9472.828784119107,0,0,0,0,0,0,0,0,0
9482.8370554177,0,0,0,0,0,0,0,0,0
9492.845326716295,0,0,0,0,0,0,0,0,0
9502.853598014888,0,0,0,0,0,0,0,0,0
9512.861869313481,0,0,0,0,0,0,0,0,0
9522.870140612076,0,0,0,0,0,0,0,0,0
9532.87841191067,0,0,0,0,0,0,0,0,0
9542.886683209264,0,0,0,0,0,0,0,0,0
9552.894954507858,0,0,0,0,0,0,0,0,0
9562.90322580645,0,0,0,0,0,0,0,0,0
9572.911497105046,0,0,0,0,0,0,0,0,0
9582.919768403639,0,0,0,0,0,0,0,0,0
9592.928039702234,0,0,0,0,0,0,0,0,0
9602.936311000827,0,0,0,0,0,0,0,0,0
9612.94458229942,0,0,0,0,0,0,0,0,0
9622.952853598015,0,0,0,0,0,0,0,0,0
9632.961124896608,0,0,0,0,0,0,0,0,0
9642.969396195203,0,0,0,0,0,0,0,0,0
9652.977667493797,0,0,0,0,0,0,0,0,0
9662.98593879239,0,0,0,0,0,0,0,0,0
9672.994210090983,0,0,0,0,0,0,0,0,0
9683.002481389578,0,0,0,0,0,0,0,0,0
9693.010752688173,0,0,0,0,0,0,0,0,0
9703.019023986766,0,0,0,0,0,0,0,0,0
9713.02729528536,0,0,0,0,0,0,0,0,0
9723.035566583952,0,0,0,0,0,0,0,0,0
9733.043837882547,0,0,0,0,0,0,0,0,0
9743.052109181142,0,0,0,0,0,0,0,0,0
9753.060380479736,0,0,0,0,0,0,0,0,0
9763.068651778329,0,0,0,0,0,0,0,0,0
9773.076923076922,0,0,0,0,0,0,0,0,0
9783.085194375517,0,0,0,0,0,0,0,0,0
9793.093465674112,0,0,0,0,0,0,0,0,0
9803.101736972705,0,0,0,0,0,0,0,0,0
9813.110008271298,0,0,0,0,0,0,0,0,0
9823.118279569891,0,0,0,0,0,0,0,0,0
9833.126550868486,0,0,0,0,0,0,0,0,0
9843.13482216708,0,0,0,0,0,0,0,0,0
9853.143093465675,0,0,0,0,0,0,0,0,0
9863.151364764268,0,0,0,0,0,0,0,0,0
9873.159636062861,0,0,0,0,0,0,0,0,0
9883.167907361456,0,0,0,0,0,0,0,0,0
9893.17617866005,0,0,0,0,0,0,0,0,0
9903.184449958644,0,0,0,0,0,0,0,0,0
9913.192721257237,0,0,0,0,0,0,0,0,0
9923.20099255583,0,0,0,0,0,0,0,0,0
9933.209263854425,0,0,0,0,0,0,0,0,0
9943.217535153019,0,0,0,0,0,0,0,0,0
9953.225806451614,0,0,0,0,0,0,0,0,0
9963.234077750207,0,0,0,0,0,0,0,0,0
9973.2423490488,0,0,0,0,0,0,0,0,0
9983.250620347395,0,0,0,0,0,0,0,0,0
9993.258891645988,0,0,0,0,0,0,0,0,0
10003.267162944583,0,0,0,0,0,0,0,0,0
10013.275434243176,0,0,0,0,0,0,0,0,0
10023.28370554177,0,0,0,0,0,0,0,0,0
10033.291976840363,0,0,0,0,0,0,0,0,0
10043.300248138958,0,0,0,0,0,0,0,0,0
10053.308519437553,0,0,0,0,0,0,0,0,0
10063.316790736146,0,0,0,0,0,0,0,0,0
10073.325062034739,0,0,0,0,0,0,0,0,0
10083.333333333332,0,0,0,0,0,0,0,0,0
10093.341604631927,0,0,0,0,0,0,0,0,0
10103.349875930522,0,0,0,0,0,0,0,0,0
10113.358147229115,0,0,0,0,0,0,0,0,0
10123.366418527708,0,0,0,0,0,0,0,0,0
10133.374689826302,0,0,0,0,0,0,0,0,0
10143.382961124897,0,0,0,0,0,0,0,0,0
10153.391232423492,0,0,0,0,0,0,0,0,0
10163.399503722085,0,0,0,0,0,0,0,0,0
10173.407775020678,0,0,0,0,0,0,0,0,0
10183.416046319271,0,0,0,0,0,0,0,0,0
10193.424317617866,0,0,0,0,0,0,0,0,0
10203.43258891646,0,0,0,0,0,0,0,0,0
10213.440860215054,0,0,0,0,0,0,0,0,0
10223.449131513647,0,0,0,0,0,0,0,0,0
10233.45740281224,0,0,0,0,0,0,0,0,0
10243.465674110836,0,0,0,0,0,0,0,0,0
10253.473945409429,0,0,0,0,0,0,0,0,0
10263.482216708024,0,0,0,0,0,0,0,0,0
10273.490488006617,0,0,0,0,0,0,0,0,0
10283.49875930521,0,0,0,0,0,0,0,0,0
10293.507030603805,0,0,0,0,0,0,0,0,0
10303.515301902398,0,0,0,0,0,0,0,0,0
10313.523573200993,0,0,0,0,0,0,0,0,0
10323.531844499586,0,0,0,0,0,0,0,0,0
10333.54011579818,0,0,0,0,0,0,0,0,0
10343.548387096773,0,0,0,0,0,0,0,0,0
10353.556658395368,0,0,0,0,0,0,0,0,0
10363.564929693963,0,0,0,0,0,0,0,0,0
10373.573200992556,0,0,0,0,0,0,0,0,0
10383.58147229115,0,0,0,0,0,0,0,0,0
10393.589743589742,0,0,0,0,0,0,0,0,0
10403.598014888337,0,0,0,0,0,0,0,0,0
10413.606286186932,0,0,0,0,0,0,0,0,0
10423.614557485525,0,0,0,0,0,0,0,0,0
10433.622828784119,0,0,0,0,0,0,0,0,0
10443.631100082712,0,0,0,0,0,0,0,0,0
10453.639371381307,0,0,0,0,0,0,0,0,0
10463.647642679902,0,0,0,0,0,0,0,0,0
10473.655913978495,0,0,0,0,0,0,0,0,0
10483.664185277088,0,0,0,0,0,0,0,0,0
10493.672456575681,0,0,0,0,0,0,0,0,0
10503.680727874276,0,0,0,0,0,0,0,0,0
10513.68899917287,0,0,0,0,0,0,0,0,0
10523.697270471464,0,0,0,0,0,0,0,0,0
10533.705541770058,0,0,0,0,0,0,0,0,0
10543.71381306865,0,0,0,0,0,0,0,0,0
10553.722084367246,0,0,0,0,0,0,0,0,0
10563.730355665839,0,0,0,0,0,0,0,0,0
10573.738626964434,0,0,0,0,0,0,0,0,0
10583.746898263027,0,0,0,0,0,0,0,0,0
10593.75516956162,0,0,0,0,0,0,0,0,0
10603.763440860215,0,0,0,0,0,0,0,0,0
10613.771712158808,0,0,0,0,0,0,0,0,0
10623.779983457403,0,0,0,0,0,0,0,0,0
10633.788254755997,0,0,0,0,0,0,0,0,0
10643.79652605459,0,0,0,0,0,0,0,0,0
10653.804797353185,0,0,0,0,0,0,0,0,0
10663.813068651778,0,0,0,0,0,0,0,0,0
10673.821339950373,0,0,0,0,0,0,0,0,0
10683.829611248966,0,0,0,0,0,0,0,0,0
10693.83788254756,0,0,0,0,0,0,0,0,0
10703.846153846152,0,0,0,0,0,0,0,0,0
10713.854425144747,0,0,0,0,0,0,0,0,0
10723.862696443342,0,0,0,0,0,0,0,0,0
10733.870967741936,0,0,0,0,0,0,0,0,0
10743.879239040529,0,0,0,0,0,0,0,0,0
10753.887510339122,0,0,0,0,0,0,0,0,0
10763.895781637717,0,0,0,0,0,0,0,0,0
10773.904052936312,0,0,0,0,0,0,0,0,0
10783.912324234905,0,0,0,0,0,0,0,0,0
10793.920595533498,0,0,0,0,0,0,0,0,0
10803.928866832091,0,0,0,0,0,0,0,0,0
10813.937138130686,0,0,0,0,0,0,0,0,0
10823.945409429281,0,0,0,0,0,0,0,0,0
10833.953680727875,0,0,0,0,0,0,0,0,0
10843.961952026468,0,0,0,0,0,0,0,0,0
10853.970223325061,0,0,0,0,0,0,0,0,0
10863.978494623656,0,0,0,0,0,0,0,0,0
10873.98676592225,0,0,0,0,0,0,0,0,0
10883.995037220844,0,0,0,0,0,0,0,0,0
10894.003308519437,0,0,0,0,0,0,0,0,0
10904.01157981803,0,0,0,0,0,0,0,0,0
10914.019851116625,0,0,0,0,0,0,0,0,0
10924.028122415219,0,0,0,0,0,0,0,0,0
10934.036393713814,0,0,0,0,0,0,0,0,0
10944.044665012407,0,0,0,0,0,0,0,0,0
10954.052936311,0,0,0,0,0,0,0,0,0
10964.061207609595,0,0,0,0,0,0,0,0,0
10974.069478908188,0,0,0,0,0,0,0,0,0
10984.077750206783,0,0,0,0,0,0,0,0,0
10994.086021505376,0,0,0,0,0,0,0,0,0
11004.09429280397,0,0,0,0,0,0,0,0,0
11014.102564102564,0,0,0,0,0,0,0,0,0
11024.110835401158,0,0,0,0,0,0,0,0,0
11034.119106699753,0,0,0,0,0,0,0,0,0
11044.127377998346,0,0,0,0,0,0,0,0,0
11054.135649296939,0,0,0,0,0,0,0,0,0
11064.143920595532,0,0,0,0,0,0,0,0,0
11074.152191894127,0,0,0,0,0,0,0,0,0
11084.160463192722,0,0,0,0,0,0,0,0,0
11094.168734491315,0,0,0,0,0,0,0,0,0
11104.177005789908,0,0,0,0,0,0,0,0,0
11114.185277088502,0,0,0,0,0,0,0,0,0
11124.193548387097,0,0,0,0,0,0,0,0,0
11134.201819685692,0,0,0,0,0,0,0,0,0
11144.210090984285,0,0,0,0,0,0,0,0,0
11154.218362282878,0,0,0,0,0,0,0,0,0
11164.226633581471,0,0,0,0,0,0,0,0,0
11174.234904880066,0,0,0,0,0,0,0,0,0
11184.243176178661,0,0,0,0,0,0,0,0,0
11194.251447477254,0,0,0,0,0,0,0,0,0
11204.259718775847,0,0,0,0,0,0,0,0,0
11214.26799007444,0,0,0,0,0,0,0,0,0
11224.276261373036,0,0,0,0,0,0,0,0,0
11234.284532671629,0,0,0,0,0,0,0,0,0
11244.292803970224,0,0,0,0,0,0,0,0,0
11254.301075268817,0,0,0,0,0,0,0,0,0
11264.30934656741,0,0,0,0,0,0,0,0,0
11274.317617866005,0,0,0,0,0,0,0,0,0
11284.325889164598,0,0,0,0,0,0,0,0,0
11294.334160463193,0,0,0,0,0,0,0,0,0
11304.342431761786,0,0,0,0,0,0,0,0,0
11314.35070306038,0,0,0,0,0,0,0,0,0
11324.358974358975,0,0,0,0,0,0,0,0,0
11334.367245657568,0,0,0,0,0,0,0,0,0
11344.375516956163,0,0,0,0,0,0,0,0,0
11354.383788254756,0,0,0,0,0,0,0,0,0
11364.39205955335,0,0,0,0,0,0,0,0,0
11374.400330851944,0,0,0,0,0,0,0,0,0
11384.408602150537,0,0,0,0,0,0,0,0,0
11394.416873449132,0,0,0,0,0,0,0,0,0
11404.425144747725,0,0,0,0,0,0,0,0,0
11414.433416046319,0,0,0,0,0,0,0,0,0
11424.441687344912,0,0,0,0,0,0,0,0,0
11434.449958643507,0,0,0,0,0,0,0,0,0
11444.458229942102,0,0,0,0,0,0,0,0,0
11454.466501240695,0,0,0,0,0,0,0,0,0
11464.474772539288,0,0,0,0,0,0,0,0,0
11474.483043837881,0,0,0,0,0,0,0,0,0
11484.491315136476,0,0,0,0,0,0,0,0,0
11494.499586435071,0,0,0,0,0,0,0,0,0
11504.507857733664,0,0,0,0,0,0,0,0,0
11514.516129032258,0,0,0,0,0,0,0,0,0
11524.52440033085,0,0,0,0,0,0,0,0,0
11534.532671629446,0,0,0,0,0,0,0,0,0
11544.54094292804,0,0,0,0,0,0,0,0,0
11554.549214226634,0,0,0,0,0,0,0,0,0
11564.557485525227,0,0,0,0,0,0,0,0,0
11574.56575682382,0,0,0,0,0,0,0,0,0
11584.574028122415,0,0,0,0,0,0,0,0,0
11594.582299421008,0,0,0,0,0,0,0,0,0
11604.590570719603,0,0,0,0,0,0,0,0,0
11614.598842018197,0,0,0,0,0,0,0,0,0
11624.60711331679,0,0,0,0,0,0,0,0,0
11634.615384615385,0,0,0,0,0,0,0,0,0
11644.623655913978,0,0,0,0,0,0,0,0,0
11654.631927212573,0,0,0,0,0,0,0,0,0
11664.640198511166,0,0,0,0,0,0,0,0,0
11674.64846980976,0,0,0,0,0,0,0,0,0
11684.656741108354,0,0,0,0,0,0,0,0,0
11694.665012406947,0,0,0,0,0,0,0,0,0
11704.673283705542,0,0,0,0,0,0,0,0,0
11714.681555004136,0,0,0,0,0,0,0,0,0
11724.689826302729,0,0,0,0,0,0,0,0,0
11734.698097601324,0,0,0,0,0,0,0,0,0
11744.706368899917,0,0,0,0,0,0,0,0,0
11754.714640198512,0,0,0,0,0,0,0,0,0
11764.722911497105,0,0,0,0,0,0,0,0,0
11774.731182795698,0,0,0,0,0,0,0,0,0
11784.739454094291,0,0,0,0,0,0,0,0,0
11794.747725392886,0,0,0,0,0,0,0,0,0
11804.755996691481,0,0,0,0,0,0,0,0,0
11814.764267990075,0,0,0,0,0,0,0,0,0
11824.772539288668,0,0,0,0,0,0,0,0,0
11834.780810587261,0,0,0,0,0,0,0,0,0
11844.789081885856,0,0,0,0,0,0,0,0,0
11854.797353184451,0,0,0,0,0,0,0,0,0
11864.805624483044,0,0,0,0,0,0,0,0,0
11874.813895781637,0,0,0,0,0,0,0,0,0
11884.82216708023,0,0,0,0,0,0,0,0,0
11894.830438378825,0,0,0,0,0,0,0,0,0
11904.83870967742,0,0,0,0,0,0,0,0,0
11914.846980976014,0,0,0,0,0,0,0,0,0
11924.855252274607,0,0,0,0,0,0,0,0,0
11934.8635235732,0,0,0,0,0,0,0,0,0
11944.871794871795,0,0,0,0,0,0,0,0,0
11954.880066170388,0,0,0,0,0,0,0,0,0
11964.888337468983,0,0,0,0,0,0,0,0,0
11974.896608767576,0,0,0,0,0,0,0,0,0
11984.90488006617,0,0,0,0,0,0,0,0,0
11994.913151364764,0,0,0,0,0,0,0,0,0
12004.921422663358,0,0,0,0,0,0,0,0,0
12014.929693961953,0,0,0,0,0,0,0,0,0
12024.937965260546,0,0,0,0,0,0,0,0,0
12034.946236559139,0,0,0,0,0,0,0,0,0
12044.954507857734,0,0,0,0,0,0,0,0,0
12054.962779156327,0,0,0,0,0,0,0,0,0
12064.971050454922,0,0,0,0,0,0,0,0,0
12074.979321753515,0,0,0,0,0,0,0,0,0
12084.987593052108,0,0,0,0,0,0,0,0,0
12094.995864350703,0,0,0,0,0,0,0,0,0
